<Offset>4.0</Offset>
<TimeStep>4.0</TimeStep>
<RadiusOfGoal>85.0</RadiusOfGoal>
<RadiusOfTempGoal>10.0</RadiusOfTempGoal>
<AdvanceTime>280.0</AdvanceTime>
<ConstantA>1.0</ConstantA>
<ConstantB>1.0</ConstantB>
<ConstantC>1.0</ConstantC>
<ConstantGForAwareness>2.0</ConstantGForAwareness>
<ConstantGForIgnorance>1.0</ConstantGForIgnorance>
<ConstantAlpha>0.5</ConstantAlpha>
<NumAgentOfNeighborhood>6</NumAgentOfNeighborhood>
<GoAheadTime>1000</GoAheadTime>
<UpdateSceneTime>160</UpdateSceneTime>
<Dimension>2</Dimension>

<NumAgent>6</NumAgent>
<AwarenessPercentage>0.7</AwarenessPercentage>
<IgnorancePercentage>0.3</IgnorancePercentage>
<AgentsNotBelongedToGroup>0</AgentsNotBelongedToGroup>
<NumGroups>1</NumGroups>
<FloorLimitOfGroupMembers>2</FloorLimitOfGroupMembers>
<UpperLimitOfGroupMembers>8</UpperLimitOfGroupMembers>
<ChooseGroupForce>GROUPCENTERGROUPFORCE_SIG</ChooseGroupForce>
<ForceA>0.3</ForceA>
<ForceB>0.7</ForceB>
<ForceC>0.0</ForceC>
<BackColor>0 0 0</BackColor>
<SceneGridColor>0 255 0</SceneGridColor>
<ExitColor>255 255 255</ExitColor>
<AgentColor>255 0 0</AgentColor>
<ColorForAwareness>255 0 0</ColorForAwareness>
<ColorForIgnorance>0 255 0</ColorForIgnorance>
<ObjectColor>150 150 150</ObjectColor>

<NumGroupColor>2</NumGroupColor>
<GroupColor>
  group1
  <ColorIndex>100 10 100</ColorIndex>
</GroupColor>
<GroupColor>
  group2
  <ColorIndex>10 10 250</ColorIndex>
</GroupColor>

<SimulationResultFile>SimulationResult.txt</SimulationResultFile>
