<NumAgentNew>10</NumAgentNew>
 
<PosAndAwareInfo>
	1
	<Pos>266 341</Pos>
  <IsAware>true</IsAware>
</PosAndAwareInfo>

<PosAndAwareInfo>
  2
  <Pos>388 401</Pos>
  <IsAware>true</IsAware>
</PosAndAwareInfo>

<PosAndAwareInfo>
  3
  <Pos>75 355</Pos>
  <IsAware>true</IsAware>
</PosAndAwareInfo>

<PosAndAwareInfo>
  4
  <Pos>429 303</Pos>
  <IsAware>true</IsAware>
</PosAndAwareInfo>

<PosAndAwareInfo>
  5
  <Pos>119 405</Pos>
  <IsAware>true</IsAware>
</PosAndAwareInfo>

<PosAndAwareInfo>
  6
  <Pos>251 364</Pos>
  <IsAware>true</IsAware>
</PosAndAwareInfo>

<PosAndAwareInfo>
  7
  <Pos>10 133</Pos>
  <IsAware>true</IsAware>
</PosAndAwareInfo>

<PosAndAwareInfo>
  8
  <Pos>289 405</Pos>
  <IsAware>true</IsAware>
</PosAndAwareInfo>

<PosAndAwareInfo>
  9
  <Pos>37 373</Pos>
  <IsAware>true</IsAware>
</PosAndAwareInfo>

<PosAndAwareInfo>
  10
  <Pos>486 251</Pos>
  <IsAware>true</IsAware>
</PosAndAwareInfo>