<Offset>4.0</Offset>
<TimeStep>2</TimeStep>
<RadiusOfGoal>40.0</RadiusOfGoal>
<RadiusOfTempGoal>20.0</RadiusOfTempGoal>
<AdvanceTime>140.0</AdvanceTime>
<ConstantA>1.0</ConstantA>
<ConstantB>1.0</ConstantB>
<ConstantC>1.0</ConstantC>
<ConstantGForAwareness>2.0</ConstantGForAwareness>
<ConstantGForIgnorance>1.0</ConstantGForIgnorance>
<ConstantAlpha>0.5</ConstantAlpha>
<NumAgentOfNeighborhood>6</NumAgentOfNeighborhood>
<GoAheadTime>100</GoAheadTime>
<UpdateSceneTime>160</UpdateSceneTime>
<Dimension>2</Dimension>

<BaseNodeWidth>64</BaseNodeWidth>
<BaseNodeHeight>64</BaseNodeHeight>
<MinLeafNodeWidth>4</MinLeafNodeWidth>
<MinLeafNodeHeight>4</MinLeafNodeHeight>
<DistThrehold>1.0</DistThrehold>

<NumAgent>10</NumAgent>
<AwarenessPercentage>1.0</AwarenessPercentage>
<IgnorancePercentage>0.0</IgnorancePercentage>
<AgentsNotBelongedToGroup>10</AgentsNotBelongedToGroup>
<NumGroups>0</NumGroups>
<FloorLimitOfGroupMembers>2</FloorLimitOfGroupMembers>
<UpperLimitOfGroupMembers>8</UpperLimitOfGroupMembers>
<ChooseGroupForce>GROUPCENTERGROUPFORCE_SIG</ChooseGroupForce>
<ForceA>1.0</ForceA>
<ForceB>0.02</ForceB>
<ForceC>0.0</ForceC>
<BackColor>0 0 0</BackColor>
<ExitColor>100 100 100</ExitColor>
<AgentColor>255 255 0</AgentColor>
<PassableColor>255 255 255</PassableColor>
<ObstacleColor>255 0 0</ObstacleColor>

<SimulationResultFile>SimulationResult.txt</SimulationResultFile>
<IsCrowdPosSpecified>true</IsCrowdPosSpecified>
<CrowdPosFile>CrowdInfo.txt</CrowdPosFile>
<IsShowSceneGrid>true</IsShowSceneGrid>