<SceneWidth>1000</SceneWidth>
<SceneHeight>1000</SceneHeight>
<SideLength>40</SideLength>
<NumObstacle>29</NumObstacle>
<Obstacle>
  1
  <Position>120 40 200 40 200 80 120 80</Position>
</Obstacle>
<Obstacle>
  2
  <Position>200 120 240 120 240 240 200 240</Position>
</Obstacle>
<Obstacle>
  3
  <Position>120 200 200 200 200 240 120 240</Position>
</Obstacle>
<Obstacle>
  4
  <Position>120 280 240 280 240 320 120 320</Position>
</Obstacle>
<Obstacle>
  5
  <Position>200 320 280 320 280 360 200 360</Position>
</Obstacle>
<Obstacle>
  6
  <Position>320 280 360 240 360 320 320 320</Position>
</Obstacle>
<Obstacle>
  7
  <Position>360 280 480 280 480 320 360 320</Position>
</Obstacle>
<Obstacle>
  8
  <Position>520 40 560 40 560 160 520 160</Position>
</Obstacle>
<Obstacle>
  9
  <Position>560 120 680 120 680 160 560 160</Position>
</Obstacle>
<Obstacle>
  10
  <Position>760 120 840 120 840 160 760 160</Position>
</Obstacle>
<Obstacle>
  11
  <Position>800 160 840 160 840 200 800 200</Position>
</Obstacle>
<Obstacle>
  12
  <Position>600 200 640 200 640 320 600 320</Position>
</Obstacle>
<Obstacle>
  13
  <Position>520 320 640 320 640 360 520 360</Position>
</Obstacle>
<Obstacle>
  14
  <Position>800 320 920 320 920 360 800 360</Position>
</Obstacle>
<Obstacle>
  15
  <Position>800 440 840 440 840 480 800 480</Position>
</Obstacle>
<Obstacle>
  16
  <Position>600 480 840 480 840 520 600 520</Position>
</Obstacle>
<Obstacle>
  17
  <Position>200 440 240 440 240 600 200 600</Position>
</Obstacle>
<Obstacle>
  18
  <Position>120 520 200 520 200 560 120 560</Position>
</Obstacle>
<Obstacle>
  19
  <Position>80 640 160 640 160 680 80 680</Position>
</Obstacle>
<Obstacle>
  20
  <Position>120 680 160 680 160 760 120 760</Position>
</Obstacle>
<Obstacle>
  21
  <Position>360 720 440 720 440 800 360 800</Position>
</Obstacle>
<Obstacle>
  22
  <Position>680 600 720 600 720 840 680 840</Position>
</Obstacle>
<Obstacle>
  23
  <Position>760 640 800 640 800 720 760 720</Position>
</Obstacle>
<Obstacle>
  24
  <Position>840 600 880 600 880 680 840 680</Position>
</Obstacle>
<Obstacle>
  25
  <Position>880 600 920 600 920 640 880 640</Position>
</Obstacle>
<Obstacle>
  26
  <Position>240 840 280 840 280 920 240 920</Position>
</Obstacle>
<Obstacle>
  27
  <Position>280 880 400 880 400 920 280 920</Position>
</Obstacle>
<Obstacle>
  28
  <Position>800 840 960 840 960 880 800 880</Position>
</Obstacle>
<Obstacle>
  29
  <Position>880 760 920 760 920 840 880 840</Position>
</Obstacle>

<NUMEXIT>6</NUMEXIT>
<EXIT>
  Exit1
  <EPosition>400 100</EPosition>
</EXIT>
<EXIT>
  Exit2
  <EPosition>920 100</EPosition>
</EXIT>
<EXIT>
  Exit3
  <EPosition>80 480</EPosition>
</EXIT>
<EXIT>
  Exit4
  <EPosition>900 520</EPosition>
</EXIT>
<EXIT>
  Exit5
  <EPosition>180 940</EPosition>
</EXIT>
<EXIT>
  Exit6
  <EPosition>580 940</EPosition>
</EXIT>